num_pts,start_err,end_err,mae,train_time
20000,2.699418,0.0052020596,0.052836508,933.3846
20000,2.9156048,0.008110261,0.06857145,1120.4064
20000,2.942271,0.006664136,0.061609246,994.0112
